Id,Lat,Lon,Country,State,LGA,Ward,Population,NESP_ID,Branch_id,Customers,Renewable energy share,Generator capacity (kw),PV size(kW),Battery capacity (kWh),Demand,Electr_type_phase_1,Electr_type_phase_2,Electr_type_phase_3,Distance_m
10199,8.49150805257281,4.797198801462178,Nigeria,Cross River,Akpabuyo,IKANG CENTRAL,1391.6342190000,9,564,409,52.000000000000000,156,202,336,213,none,none,grid,10670
10206,8.426388509167928,4.843966620150624,Nigeria,Cross River,Akpabuyo,IKOT NAKANDA,1339.0017050000,16,554,394,60.100000000000001,153,222,464,192,none,mini-grid,intercon,10610
10211,8.590957410318147,4.916524191968442,Nigeria,Cross River,Akpabuyo,IKOT EYO,3337.1857150000,21,575,982,58.299999999999997,247,290,488,397,none,grid,grid,4990
10212,8.611283140633663,4.953906096944567,Nigeria,Cross River,Akpabuyo,ENEYO,3919.4118340000,22,580,1153,64.000000000000000,266,338,576,417,none,grid,grid,5150
10215,8.116333768877523,5.01109546222447,Nigeria,Cross River,Odukpani,CENTRAL URUAN 11,1259.1334750000,25,511,370,63.799999999999997,88,104,192,130,none,grid,grid,9820
10221,8.226130460545678,5.022306182047172,Nigeria,Cross River,Odukpani,CREEK TOWN I,1460.8851900000,31,529,430,70.299999999999997,167,246,560,209,none,grid,grid,3790
10228,8.31096716498636,5.058333236942445,Nigeria,Cross River,Odukpani,ODUKPANI CENTRAL,1409.8775950000,38,540,415,61.799999999999997,160,232,400,192,none,grid,grid,6480
10229,8.577168538901905,5.064495364958617,Nigeria,Cross River,Akamkpa,OJUK NORTH,778.9214066000,39,567,229,65.900000000000006,58,66,128,84,none,none,grid,8790
10232,8.326607486254261,5.065910976943692,Nigeria,Cross River,Odukpani,ODUKPANI CENTRAL,1934.0649840000,42,540,569,60.700000000000003,228,280,544,285,none,grid,grid,4640
10235,8.238498706184343,5.072851752352867,Nigeria,Cross River,Odukpani,ADIABO/EFUT,1045.3614890000,45,527,307,62.299999999999997,124,164,296,152,none,none,grid,4840
10238,8.316733225644168,5.080204626017346,Nigeria,Cross River,Odukpani,ODUKPANI CENTRAL,2388.8688640000,48,540,703,61.399999999999999,267,362,680,359,none,grid,grid,5270
10239,8.436446264160955,5.08891748223809,Nigeria,Cross River,Akpabuyo,IDUNDU/ANYANGANSE,855.2523724000,49,558,252,68.000000000000000,62,74,152,92,none,none,grid,5400
10240,8.315893349027229,5.096316505071314,Nigeria,Cross River,Odukpani,ODUKPANI CENTRAL,1012.2206730000,50,542,298,58.500000000000000,116,142,264,146,none,none,grid,4790
10242,8.663263540163737,5.103613502547001,Nigeria,Cross River,Akamkpa,OJUK NORTH,825.4738975000,52,566,243,62.100000000000001,76,96,168,105,none,none,grid,18380
10250,8.556476695253416,5.120072042649046,Nigeria,Cross River,Akamkpa,OJUK NORTH,1347.8772510000,60,566,396,60.399999999999999,126,138,264,164,none,none,grid,5340
10256,8.368840554095183,5.134611933229712,Nigeria,Cross River,Odukpani,ODUKPANI CENTRAL,1122.0155410000,66,544,330,62.000000000000000,86,76,208,119,none,none,grid,4330
10265,8.204622606394301,5.187672910168182,Nigeria,Cross River,Odukpani,ODOT,734.0078709000,75,524,216,61.399999999999999,67,78,144,86,none,none,grid,6310
10269,8.067890163242389,5.21603897482079,Nigeria,Cross River,Odukpani,OBOMITIAT/MBIABO/EDIONG,3992.1673900000,79,504,1174,64.799999999999997,271,318,696,423,mini-grid,mini-grid,intercon,5340
10270,8.306952401330953,5.226429495793683,Nigeria,Cross River,Akamkpa,MBARAKOM,1194.4344320000,80,538,351,67.200000000000003,86,108,208,130,none,mini-grid,intercon,7240
10274,8.12155691238547,5.2582199216015,Nigeria,Cross River,Odukpani,EKI,1387.3815320000,84,507,408,77.500000000000000,107,124,368,151,none,none,grid,6750
10290,7.959757788548922,5.346146999113346,Nigeria,Cross River,Odukpani,ITO/IDERE/UKWA,2081.0722990000,100,517,612,62.799999999999997,185,222,448,271,none,mini-grid,intercon,9460
10291,8.644764220573206,5.347925480132765,Nigeria,Cross River,Akamkpa,OBAN,969.3294814000,101,579,285,57.299999999999997,85,96,168,116,none,none,grid,6230
10292,8.399634553607727,5.350285763313983,Nigeria,Cross River,Akamkpa,AWI,2761.4173590000,102,551,812,60.899999999999999,339,434,808,399,none,grid,grid,4960
10295,8.326314727859506,5.36314161756517,Nigeria,Cross River,Akamkpa,UYANGA,689.0967877000,105,541,203,65.900000000000006,51,58,112,72,none,grid,grid,3370
10304,8.271678346734273,5.406796407348706,Nigeria,Cross River,Akamkpa,UYANGA,1442.5092750000,114,533,424,65.599999999999994,127,154,376,180,none,none,grid,4340
10305,8.070186489185215,5.406706687643118,Nigeria,Cross River,Biase,UMON NORTH,4667.4822420000,115,517,1373,64.500000000000000,556,712,1536,672,mini-grid,mini-grid,intercon,13700
10306,8.043867621949992,5.408135282672631,Nigeria,Cross River,Odukpani,ISU,771.7884022000,116,517,227,62.600000000000001,69,86,168,98,none,none,grid,16410
10312,8.028585126518468,5.454464536415634,Nigeria,Cross River,Biase,UMON NORTH,703.7863382000,122,517,207,69.400000000000006,52,68,128,72,none,mini-grid,intercon,20450
10314,8.724938665410576,5.461605811409465,Nigeria,Cross River,Akamkpa,EKU,2301.5832710000,124,592,677,62.000000000000000,281,368,720,369,mini-grid,mini-grid,intercon,15320
10316,7.970476016002599,5.476184735945786,Nigeria,Cross River,Odukpani,ITO/IDERE/UKWA,748.8185093000,126,506,220,61.000000000000000,67,80,144,90,none,none,grid,15500
10317,8.026964419589232,5.492204119521498,Nigeria,Cross River,Biase,UMON NORTH,896.2310752000,127,517,264,65.799999999999997,65,78,152,96,none,mini-grid,intercon,18110
10319,7.968374029123765,5.499126173493518,Nigeria,Cross River,Odukpani,ITO/IDERE/UKWA,2040.1412910000,129,506,600,59.200000000000003,228,276,600,314,none,mini-grid,intercon,12950
10320,8.755737334593048,5.514040226646172,Nigeria,Cross River,Akamkpa,IKPAI,2080.1298810000,130,592,612,59.100000000000001,249,306,536,307,none,mini-grid,intercon,16890
10321,8.106988610654698,5.510021579595022,Nigeria,Cross River,Biase,EHOM,1534.3888470000,131,508,451,63.899999999999999,148,168,336,193,none,mini-grid,intercon,6900
10322,8.291242094840396,5.51513144738884,Nigeria,Cross River,Akamkpa,UYANGA,1580.3286330000,132,520,465,66.599999999999994,116,134,280,181,none,none,grid,22980
10323,8.179920290804027,5.519321318104764,Nigeria,Cross River,Biase,EHOM,5742.4732310000,133,520,1689,66.000000000000000,406,508,928,614,none,none,grid,4710
10324,8.159944508182738,5.528498668447583,Nigeria,Cross River,Biase,EHOM,1286.3140030000,134,518,378,61.000000000000000,148,194,360,189,none,grid,grid,3090
10325,8.79187371911901,5.541158390822429,Nigeria,Cross River,Akamkpa,IKPAI,4424.6560410000,135,592,1301,55.600000000000001,392,394,800,506,mini-grid,mini-grid,intercon,11030
10330,8.027710998751189,5.590592212039319,Nigeria,Cross River,Biase,AGWAGUNE/OKURIKE,2388.8688640000,140,489,703,78.599999999999994,174,280,528,258,none,mini-grid,intercon,8340
10333,8.042724336356288,5.619791836020039,Nigeria,Cross River,Biase,AGWAGUNE/OKURIKE,3434.2674100000,143,572,1010,65.299999999999997,234,294,552,351,mini-grid,intercon,intercon,7010
10335,8.016445744784447,5.630752800937946,Nigeria,Cross River,Biase,IKUN/ETONO,5503.5863440000,145,572,1619,62.399999999999999,526,626,1152,681,none,grid,grid,3220
10337,8.197424728250052,5.637287274330237,Nigeria,Cross River,Akamkpa,IKO,2287.8013350000,147,512,673,60.200000000000003,260,304,704,328,none,mini-grid,intercon,12060
10339,7.969879223103423,5.649859771559978,Nigeria,Cross River,Biase,IKUN/ETONO,4708.8280490000,149,528,1385,61.500000000000000,441,510,904,584,none,grid,grid,4670
10341,8.692785350388608,5.659731394846637,Nigeria,Cross River,Akamkpa,IKPAI,601.8111946000,151,0,177,62.100000000000001,55,68,128,76,mini-grid,mini-grid,mini-grid,17510
10342,8.219058847801005,5.667919233494489,Nigeria,Cross River,Yakurr,IKO,3427.1080240000,152,512,1008,59.500000000000000,406,508,888,502,mini-grid,mini-grid,intercon,15650
10347,7.967722937444124,5.699522230304985,Nigeria,Cross River,Biase,EREI SOUTH,1332.2537890000,157,455,392,68.500000000000000,163,252,544,212,none,grid,grid,4610
10348,8.429148273427911,5.706561518016187,Nigeria,Cross River,Akamkpa,IKO,1184.9146550000,158,556,349,62.700000000000003,84,96,176,139,none,grid,grid,2390
10349,8.176019979413779,5.726892722537682,Nigeria,Cross River,Yakurr,MKPANI/AGOI,15789.5043900000,159,521,4644,62.500000000000000,1819,2246,4952,2234,mini-grid,intercon,intercon,13840
10352,7.923420697917913,5.739158882385841,Nigeria,Cross River,Biase,EREI SOUTH,3794.6263110000,162,455,1116,39.899999999999999,482,310,576,530,mini-grid,intercon,intercon,12290
10353,7.985133045201961,5.746736624008921,Nigeria,Cross River,Biase,ABAYONG,1056.6150740000,163,455,311,60.200000000000003,123,182,336,153,none,grid,grid,8590
10355,7.979705791205449,5.765966366235035,Nigeria,Cross River,Abi,ABAYONG,4180.5205120000,165,455,1230,64.200000000000003,475,624,1376,589,none,grid,grid,4730
10356,8.004263314198269,5.769269836555796,Nigeria,Cross River,Biase,ABAYONG,2076.4783200000,166,550,611,65.500000000000000,145,174,344,239,none,grid,grid,3710
10358,8.511457995997249,5.786778239372135,Nigeria,Cross River,Ikom,OCHON,831.5101239000,168,557,245,69.799999999999997,58,78,160,88,none,mini-grid,intercon,9080
10359,8.749564067379463,5.787634450686842,Nigeria,Cross River,Etung,ITAKA,1805.4335830000,169,590,531,68.799999999999997,147,166,328,189,none,mini-grid,intercon,5760
10362,8.208434087486536,5.817568786309963,Nigeria,Cross River,Yakurr,MKPANI/AGOI,3371.9802810000,172,526,992,61.700000000000003,308,370,672,412,mini-grid,intercon,intercon,7440
10366,8.060498554729477,5.833005292281142,Nigeria,Cross River,Abi,BIKO BIKO,981.7495578000,176,501,289,65.200000000000003,70,84,152,109,none,none,grid,3830
10368,8.067825724655128,5.861368503435898,Nigeria,Cross River,Yakurr,EDIBA,10488.3493400000,178,503,3085,59.200000000000003,1198,1536,2760,1479,mini-grid,intercon,intercon,7720
10370,8.336928325805772,5.857915410926791,Nigeria,Cross River,Obubra,IYAMOYONG,3601.6792100000,180,543,1059,60.100000000000001,413,518,992,515,mini-grid,mini-grid,intercon,14770
10374,8.81422593644823,5.87516983690119,Nigeria,Cross River,Etung,AJASSOR,1198.7627750000,184,462,353,68.299999999999997,102,138,272,152,none,grid,grid,6340
10375,8.365444580025901,5.890794232512967,Nigeria,Cross River,Obubra,IYAMOYONG,2862.0486580000,185,543,842,73.000000000000000,248,346,744,349,mini-grid,mini-grid,intercon,12960
10376,8.336147750321317,5.886421655451895,Nigeria,Cross River,Obubra,IYAMOYONG,3541.9574890000,186,543,1042,73.400000000000006,241,310,664,374,none,mini-grid,intercon,11520
10380,8.542463784537663,5.905554270129993,Nigeria,Cross River,Ikom,OFUTOP II,876.6601758000,190,569,258,68.299999999999997,78,100,192,104,none,grid,grid,4370
10382,8.091478232482439,5.908907483287247,Nigeria,Cross River,Yakurr,AJERE,1367.9796270000,192,505,402,68.599999999999994,133,148,312,171,none,grid,grid,2600
10388,8.119178459333739,5.933818110275584,Nigeria,Cross River,Yakurr,IMABANA II,10483.4591300000,198,509,3083,73.299999999999997,758,900,2016,1134,none,grid,grid,4270
10390,8.816892764089692,5.93647573407647,Nigeria,Cross River,Etung,ETOMI,7575.4706860000,200,459,2228,72.299999999999997,545,688,1440,762,mini-grid,intercon,intercon,6650
10398,8.007389322258176,5.953998154417387,Nigeria,Cross River,Abi,EKUREKU II,1641.3325350000,208,583,483,62.500000000000000,182,228,448,236,none,none,grid,4820
10399,8.150238953835524,5.958357467004697,Nigeria,Cross River,Yakurr,IMABANA II,12022.4419500000,209,519,3536,67.099999999999994,898,1010,1864,1291,none,grid,grid,4400
10402,8.917641709181394,5.96787467402713,Nigeria,Cross River,Etung,ABIA,704.0221695000,212,473,207,74.000000000000000,52,64,152,75,none,grid,grid,2270
10403,8.387579648177642,5.971048967184561,Nigeria,Cross River,Obubra,OCHON,1052.0210950000,213,549,309,69.000000000000000,99,104,280,135,none,grid,grid,1850
10404,8.079822052409073,5.97095656407706,Nigeria,Cross River,Abi,NDIAGU AMAGU II,691.9332016000,214,500,204,65.500000000000000,60,72,144,84,none,grid,grid,6840
10405,8.472252895811911,5.976584592730301,Nigeria,Cross River,Obubra,OCHON,4754.7678350000,215,559,1398,65.500000000000000,449,512,968,567,mini-grid,intercon,intercon,6480
10406,8.659808932449932,5.984196669599767,Nigeria,Cross River,Ikom,YALA/NKUM,963.9103537000,216,584,284,66.799999999999997,94,106,208,112,none,none,grid,3760
10411,9.001114243294518,6.009746800094591,Nigeria,Cross River,Boki,ABO,3842.3874270000,221,472,1130,79.599999999999994,446,600,2032,572,mini-grid,mini-grid,intercon,19090
10413,8.465398047571604,6.00356294019521,Nigeria,Cross River,Obubra,OCHON,4334.7200150000,223,559,1275,89.500000000000000,315,440,1352,453,none,grid,grid,9920
10418,8.647270227143867,6.029856566601968,Nigeria,Cross River,Ikom,NDE,1292.2564920000,228,586,380,64.799999999999997,115,140,264,153,none,grid,grid,3350
10419,8.383292078556364,6.028572914667028,Nigeria,Cross River,Obubra,OFUMBONGHA/YALA,1576.8289340000,229,545,464,60.899999999999999,180,222,400,231,none,grid,grid,5470
10421,8.554132345544014,6.033393061838108,Nigeria,Cross River,Ikom,OFUTOP II,1373.5995960000,231,565,404,67.200000000000003,125,156,296,172,none,mini-grid,intercon,9520
10422,8.532462687634148,6.036627164326773,Nigeria,Cross River,Obubra,OFUTOP II,1359.8176610000,232,565,400,47.899999999999999,95,72,104,144,none,mini-grid,intercon,12910
10423,8.480658176801009,6.041782515461183,Nigeria,Cross River,Obubra,OCHON,4586.1121440000,233,559,1349,68.599999999999994,321,382,728,480,none,grid,grid,15840
10425,8.579943068670948,6.050554796391396,Nigeria,Cross River,Ikom,NDE,1456.2912110000,235,565,428,66.099999999999994,189,226,448,214,mini-grid,mini-grid,intercon,8670
10429,8.517108655731896,6.057431770832643,Nigeria,Cross River,Ikom,NTA/NSELLE,1189.8404530000,239,565,350,67.200000000000003,138,178,400,176,mini-grid,mini-grid,intercon,18700
10430,8.476184719891421,6.063958425697642,Nigeria,Cross River,Obubra,OCHON,12412.3007900000,240,559,3651,70.000000000000000,907,1062,2048,1314,mini-grid,intercon,intercon,16930
10432,8.974058244910845,6.082651097383565,Nigeria,Cross River,Boki,ABO,5333.4910320000,242,472,1569,78.299999999999997,628,832,2640,797,mini-grid,mini-grid,intercon,10140
10436,8.592287146142782,6.096432554978336,Nigeria,Cross River,Ikom,NDE,758.0064665000,246,576,223,68.700000000000003,73,88,176,95,none,mini-grid,intercon,5900
10438,9.133061471334271,6.109950341969864,Nigeria,Cross River,Boki,ABO,918.7957170000,248,472,270,81.000000000000000,84,118,296,108,none,none,grid,35320
10440,8.728217592145226,6.116230089796981,Nigeria,Cross River,Ikom,AKPARABONG,735.0365736000,250,587,216,44.500000000000000,65,60,48,87,none,grid,grid,9640
10441,8.6898759232219,6.122894779697262,Nigeria,Cross River,Ikom,AKPARABONG,4313.7458910000,251,587,1269,65.099999999999994,511,660,1288,666,none,grid,grid,4450
10442,8.999004849189225,6.130142919459423,Nigeria,Cross River,Boki,ABO,1442.5092750000,252,472,424,67.799999999999997,167,226,456,216,none,mini-grid,intercon,16710
10443,9.047364714795258,6.127762784246586,Nigeria,Cross River,Boki,ABO,1561.9527180000,253,472,459,79.299999999999997,117,144,352,162,none,mini-grid,intercon,26460
10446,8.39174960091864,6.140633138983388,Nigeria,Cross River,Obubra,OSOPONG I,4699.6400920000,256,548,1382,62.299999999999997,569,666,1240,642,mini-grid,mini-grid,intercon,11040
10448,9.050318489398407,6.150730289838839,Nigeria,Cross River,Boki,ABO,2283.2073560000,258,472,672,72.599999999999994,207,240,752,284,mini-grid,mini-grid,intercon,24550
10450,8.638655561403752,6.157130960142456,Nigeria,Cross River,Ikom,NDE,6050.2697960000,260,581,1779,68.900000000000006,743,914,2016,855,none,grid,grid,3040
10451,9.020765332340208,6.159864048726222,Nigeria,Cross River,Boki,ABO,2982.4049800000,261,472,877,66.200000000000003,261,326,664,361,none,mini-grid,intercon,20970
10452,8.473609749109317,6.169337087585413,Nigeria,Cross River,Ikom,NTA/NSELLE,2168.3578920000,262,548,638,67.000000000000000,255,322,672,320,none,mini-grid,intercon,17510
10456,8.428962756058866,6.197986300598515,Nigeria,Cross River,Obubra,OSOPONG I,1897.3131550000,266,548,558,68.000000000000000,228,298,632,269,mini-grid,mini-grid,intercon,16730
10458,8.520401272780102,6.209867820966285,Nigeria,Cross River,Ikom,NTA/NSELLE,1460.8851900000,268,548,430,73.099999999999994,167,232,568,225,none,mini-grid,intercon,14230
10459,8.795276402238068,6.21183251846147,Nigeria,Cross River,Boki,BOJE,983.7979215000,269,460,289,86.000000000000000,68,90,360,105,none,none,grid,12040
10461,8.817750181283531,6.225413534594124,Nigeria,Cross River,Boki,BOJE,4102.4228760000,271,460,1207,71.599999999999994,366,456,1072,504,mini-grid,mini-grid,intercon,8960
10464,8.955426268758549,6.251210335752985,Nigeria,Cross River,Boki,BOJE,1626.3649690000,274,474,478,72.299999999999997,150,178,432,206,none,grid,grid,7000
10465,8.937579909659927,6.256966041934096,Nigeria,Cross River,Boki,BOJE,1413.9196030000,275,474,416,63.000000000000000,163,202,392,206,none,grid,grid,4560
10466,8.98481595087255,6.257481559920055,Nigeria,Cross River,Boki,BOJE,918.7957170000,276,474,270,59.200000000000003,67,62,120,95,none,grid,grid,11620
10468,9.050314326880002,6.268726050753525,Nigeria,Cross River,Boki,BOJE,2859.4849280000,278,474,841,66.200000000000003,249,316,592,352,none,grid,grid,17140
10470,8.538290988078836,6.27242511012871,Nigeria,Cross River,Ikom,NNAM,1510.7406430000,280,548,444,67.599999999999994,110,128,224,153,none,none,grid,16890
10473,9.126363920849494,6.281074048829256,Nigeria,Cross River,Boki,BUENTSEBE,1300.0959390000,283,485,382,64.700000000000003,115,148,264,163,none,mini-grid,intercon,15520
10476,9.272188866546765,6.292932854593004,Nigeria,Cross River,Boki,BECHEVE,588.0292588000,286,493,173,72.299999999999997,54,74,152,73,none,mini-grid,intercon,18380
10477,9.293684054464155,6.299487327844668,Nigeria,Cross River,Boki,BECHEVE,1300.0959390000,287,493,382,69.799999999999997,120,150,328,164,none,mini-grid,intercon,15650
10478,9.218883294670917,6.304342508179227,Nigeria,Cross River,Boki,BUENTSEBE,2641.5376860000,288,493,777,65.599999999999994,250,276,592,317,mini-grid,mini-grid,intercon,21350
10481,9.009540430623451,6.330052151328411,Nigeria,Cross River,Boki,BOJE,2131.6060630000,291,480,627,64.099999999999994,191,228,432,279,none,mini-grid,intercon,9870
10482,8.443606169077977,6.33148469631585,Nigeria,Cross River,Yala,OSOPONG I,620.1871089000,292,560,182,62.700000000000003,54,66,128,76,none,none,grid,4980
10484,9.115930655212273,6.344417678812197,Nigeria,Cross River,Boki,BUENTSEBE,2255.6434850000,294,485,663,67.500000000000000,215,262,512,290,none,mini-grid,intercon,7750
10485,9.433774262224871,6.350013327653645,Nigeria,Cross River,Obanliku,BECHEVE,2557.3322100000,295,497,752,66.400000000000006,293,382,792,367,mini-grid,intercon,intercon,9650
10488,8.783964500498024,6.363680928598773,Nigeria,Cross River,Boki,EKPASHI,1378.1935750000,298,458,405,61.200000000000003,180,192,360,204,none,grid,grid,2860
10491,8.642556527324016,6.388640977062813,Nigeria,Cross River,Ogoja,EKAJUK I,5966.2102820000,301,577,1755,64.000000000000000,734,920,1784,897,mini-grid,intercon,intercon,5540
10495,8.881609696808047,6.40634036340887,Nigeria,Cross River,Boki,OKU/BORUM/NJUA,4240.2748430000,305,465,1247,67.500000000000000,487,676,1400,631,mini-grid,intercon,intercon,9370
10497,8.91336438439998,6.406793312078789,Nigeria,Cross River,Boki,OKU/BORUM/NJUA,1286.3140030000,307,465,378,66.200000000000003,154,194,392,188,none,grid,grid,12520
10498,9.149389529050609,6.414110837018165,Nigeria,Cross River,Boki,ALANKWE,4092.4400440000,308,487,1204,61.200000000000003,366,404,728,473,mini-grid,intercon,intercon,7100
10500,8.569491242697573,6.414835318080548,Nigeria,Cross River,Ogoja,EKAJUK I,6009.8604510000,310,570,1768,63.200000000000003,725,884,1592,840,none,none,grid,4890
10508,9.084249881166015,6.428973467392043,Nigeria,Cross River,Obudu,BUENTSEBE,4141.2924250000,318,483,1218,75.299999999999997,300,382,864,414,mini-grid,intercon,intercon,8000
10511,8.670315038864274,6.432328251166734,Nigeria,Cross River,Ogoja,EKAJUK II,937.1716313000,321,582,276,68.400000000000006,64,82,152,100,none,grid,grid,5830
10515,8.939904686439355,6.455123697505161,Nigeria,Cross River,Obudu,BUDA,5673.5635520000,325,471,1669,69.500000000000000,509,668,1376,714,mini-grid,intercon,intercon,13930
10516,9.047762908038765,6.448171160339185,Nigeria,Cross River,Obudu,ALEGE/UBANG,1773.0384450000,326,482,521,68.700000000000003,157,198,424,209,mini-grid,intercon,intercon,21330
10518,8.865070862817181,6.461906573434566,Nigeria,Cross River,Boki,OKU/BORUM/NJUA,4255.1955510000,328,464,1252,57.700000000000003,492,494,1096,575,none,grid,grid,3890
10520,8.571200916176323,6.469666186081175,Nigeria,Cross River,Ogoja,EKAJUK I,2693.2173180000,330,573,792,64.700000000000003,309,412,800,374,none,grid,grid,3980
10524,8.982996703592423,6.472725114782792,Nigeria,Cross River,Obudu,BUNYIA/OKUBUCHI,7202.2062160000,334,471,2118,63.200000000000003,652,722,1512,867,mini-grid,intercon,intercon,16970
10525,9.214920227657771,6.468789884229905,Nigeria,Cross River,Boki,BEEBO/BUMAJI,2283.2553220000,335,488,672,70.700000000000003,158,200,392,236,none,mini-grid,intercon,10060
10526,8.791638294260672,6.469034389820222,Nigeria,Cross River,Boki,KAKWAGOM/BAWOP,1617.0804610000,336,461,476,59.100000000000001,184,224,368,235,none,grid,grid,2010
10528,8.917447505858544,6.479993143017172,Nigeria,Cross River,Ogoja,BUDA,2760.9811290000,338,471,812,72.599999999999994,245,308,800,330,none,grid,grid,9500
10531,9.038754038320912,6.483683915380857,Nigeria,Cross River,Obudu,ALEGE/UBANG,5632.8424500000,341,482,1657,63.100000000000001,618,878,1464,881,mini-grid,intercon,intercon,16600
10532,8.604341564951284,6.485865684173162,Nigeria,Cross River,Ogoja,NKUM IREDE,8388.6048960000,342,578,2467,68.000000000000000,758,868,1952,1033,none,grid,grid,3810
10533,8.80891069138646,6.490201562790282,Nigeria,Cross River,Boki,KAKWAGOM/BAWOP,4332.1218050000,343,461,1274,61.700000000000003,483,626,1176,617,none,grid,grid,2990
10535,8.964802378675437,6.49774884877051,Nigeria,Cross River,Ogoja,BUNYIA/OKUBUCHI,7708.4230270000,345,471,2267,65.400000000000006,749,840,1544,964,mini-grid,intercon,intercon,12440
10539,9.065254312090904,6.515273887269861,Nigeria,Cross River,Obudu,UKPE,4956.3507910000,349,482,1458,63.000000000000000,573,746,1320,725,mini-grid,intercon,intercon,11770
10540,8.808427442976024,6.529878914582252,Nigeria,Cross River,Boki,KAKWAGOM/BAWOP,1519.6384970000,350,461,447,79.599999999999994,177,262,712,219,none,grid,grid,7080
10542,8.503390085835834,6.533880931412196,Nigeria,Cross River,Yala,YACHE,2220.5531500000,352,555,653,81.799999999999997,200,264,1104,272,none,mini-grid,intercon,9300
10544,9.092755204105355,6.549326017161519,Nigeria,Cross River,Obudu,UKPE,9737.8017960000,354,482,2864,65.900000000000006,905,1092,1952,1182,mini-grid,intercon,intercon,7070
10546,9.245837700687465,6.53951128254002,Nigeria,Cross River,Obanliku,BASANG,23139.8701300000,356,494,6806,69.799999999999997,1618,1946,3984,2376,mini-grid,intercon,intercon,10160
10549,9.066149757049404,6.568288878054021,Nigeria,Cross River,Obudu,ALEGE/UBANG,2627.7557500000,359,482,773,65.200000000000003,241,280,560,319,none,grid,grid,5110
10551,8.485796761763673,6.572367751431069,Nigeria,Cross River,Yala,OKPOMA,1263.3441100000,361,555,372,53.399999999999999,119,126,232,167,none,mini-grid,intercon,10190
10552,9.049482275444772,6.585574455431768,Nigeria,Cross River,Obudu,ALEGE/UBANG,1756.9738350000,362,482,517,72.299999999999997,170,254,520,218,none,grid,grid,4930
10554,9.006835742626782,6.598535879182104,Nigeria,Cross River,Ogoja,UTUGWANG SOUTH,3918.6637330000,364,479,1153,61.899999999999999,474,552,1080,562,mini-grid,intercon,intercon,5850
10555,8.892853926445946,6.596080623890169,Nigeria,Cross River,Bekwara,AFRIKE OCHAGBE,8301.3193030000,365,469,2442,67.299999999999997,782,876,2016,973,none,grid,grid,4260
10557,8.793769936249813,6.601500456020266,Nigeria,Cross River,Ogoja,OGOJA URBAN II,3177.9422080000,367,593,935,77.000000000000000,349,522,1440,452,none,mini-grid,intercon,5070
10570,9.20178257041265,6.673838491875935,Nigeria,Cross River,Obanliku,BISHIRI NORTH,4681.2641780000,380,492,1377,61.000000000000000,520,706,1184,653,none,grid,grid,4920
10571,9.22514870396793,6.678167534217782,Nigeria,Cross River,Obanliku,BISHIRI NORTH,3486.8297460000,381,492,1026,63.100000000000001,304,346,688,432,mini-grid,intercon,intercon,7520
10574,9.244495049645296,6.6894153587114,Nigeria,Cross River,Obanliku,BISHIRI NORTH,4851.2413850000,384,492,1427,81.400000000000006,563,928,2152,664,mini-grid,intercon,intercon,10190
10575,8.420786804967298,6.690180735740409,Nigeria,Cross River,Yala,OWO,1557.3587400000,385,547,458,72.700000000000003,191,278,720,237,none,mini-grid,intercon,7800
10576,8.818818171037609,6.726906357128277,Nigeria,Cross River,Yala,ECHUMOFANA,1818.1833010000,386,463,535,63.600000000000001,213,280,512,298,none,mini-grid,intercon,6290
10579,8.860776544850543,6.756989825898864,Nigeria,Cross River,Yala,UGBORO,1681.3961620000,389,463,495,64.299999999999997,195,258,488,234,none,none,grid,2880
10580,8.938104867341529,6.764105173748497,Nigeria,Cross River,Bekwara,BETEN,5237.1355870000,390,476,1540,67.099999999999994,482,556,1176,682,mini-grid,intercon,intercon,5130
10582,8.885100514294317,6.789525094858254,Nigeria,Cross River,Yala,UGBORO,8977.0565640000,392,466,2640,67.400000000000006,853,968,1968,1088,mini-grid,intercon,intercon,7290
10583,8.654529008533705,6.787977521932933,Nigeria,Cross River,Yala,OBORU/OYE,1475.5425990000,393,574,434,66.000000000000000,172,226,432,217,none,mini-grid,intercon,11710
10584,8.841056375076796,6.833316364205981,Nigeria,Cross River,Yala,MBAWAR,2655.3196220000,394,457,781,69.799999999999997,245,344,664,358,mini-grid,intercon,intercon,12290
10585,8.806089737502569,6.837323927548575,Nigeria,Cross River,Yala,GABU,15993.6270000000,395,457,4704,64.500000000000000,1853,2332,4464,2130,mini-grid,intercon,intercon,7760
10588,8.77924010352098,6.870703281544035,Nigeria,Cross River,Yala,WANAKOM,4099.9219130000,398,457,1206,64.799999999999997,497,588,1168,633,mini-grid,intercon,intercon,9450
10592,8.071672367701675,5.176921905483018,Nigeria,Cross River,Odukpani,MBIASE/AYADEHE,1424.1333610000,402,504,419,72.000000000000000,101,122,248,146,none,none,grid,12290
10596,9.101495516666006,6.655902153262642,Nigeria,Cross River,Obudu,MBANYUMANGBAGH,2600.1918790000,406,484,765,69.599999999999994,235,262,656,324,none,mini-grid,intercon,11510
10609,8.249412814735743,5.348634991559384,Nigeria,Cross River,Akamkpa,UYANGA,794.7582952000,419,532,234,68.799999999999997,56,70,128,81,none,none,grid,4890
10613,8.523951234804171,4.775662813821558,Nigeria,Cross River,Akpabuyo,IKANG CENTRAL,955.5475457000,423,564,281,64.599999999999994,71,82,152,101,none,mini-grid,intercon,12650
10617,8.966164840740568,6.777344125537612,Nigeria,Cross River,Bekwara,GAKEM,758.0064665000,427,476,223,64.200000000000003,67,82,152,94,none,grid,grid,6640
10618,8.949468096338745,6.781049985704327,Nigeria,Cross River,Bekwara,GAKEM,927.9836741000,428,476,273,61.899999999999999,84,100,200,110,none,grid,grid,8590
10619,8.88949535035932,6.667399459897479,Nigeria,Cross River,Bekwara,IBIARAGIDI,946.3595885000,429,470,278,54.600000000000001,88,102,176,118,none,grid,grid,2790
10620,8.945298639862786,6.691944963987283,Nigeria,Cross River,Bekwara,NYANYA,1286.3140030000,430,475,378,66.900000000000006,116,142,272,166,none,grid,grid,3030
10622,8.966895066764788,6.701837204688964,Nigeria,Cross River,Bekwara,NYANYA,1148.4946460000,432,477,338,66.700000000000003,105,128,232,135,none,grid,grid,3270
10627,8.848408698266248,6.708749570084613,Nigeria,Cross River,Bekwara,UGBORO,1074.9909880000,437,463,316,66.000000000000000,98,120,224,133,none,mini-grid,intercon,8160
10629,8.916770505259814,6.624844998879959,Nigeria,Cross River,Bekwara,UKPAH,1391.9755110000,439,469,409,69.500000000000000,102,126,224,145,none,grid,grid,6290
10631,8.016848237371331,5.654020607138156,Nigeria,Cross River,Biase,AGWAGUNE/OKURIKE,882.0438883000,441,456,259,73.700000000000003,65,84,168,96,none,none,grid,2760
10633,8.067078269398392,5.589514483287478,Nigeria,Cross River,Biase,AKPET/ABINI,918.7957170000,443,489,270,92.200000000000003,64,116,280,104,none,mini-grid,intercon,6940
10635,7.952730964929413,5.74159877940847,Nigeria,Cross River,Biase,EREI SOUTH,3408.7321100000,445,455,1003,68.500000000000000,399,482,1240,473,mini-grid,intercon,intercon,8540
10636,7.938900916136391,5.746853467743811,Nigeria,Cross River,Biase,EREI SOUTH,780.9763594000,446,455,230,64.799999999999997,54,66,120,78,none,grid,grid,10120
10638,8.132870708674037,5.440299965048665,Nigeria,Cross River,Biase,UMON NORTH,1231.1862600000,448,514,362,66.500000000000000,90,114,208,129,none,grid,grid,3810
10641,8.025692335903683,5.505582417760289,Nigeria,Cross River,Biase,UMON NORTH,918.7957170000,451,517,270,65.000000000000000,72,72,168,108,none,mini-grid,intercon,17570
10643,8.079111572623466,5.320713892256668,Nigeria,Cross River,Biase,UMON SOUTH,4198.8964260000,453,517,1235,65.099999999999994,416,492,904,495,mini-grid,mini-grid,intercon,8400
10644,8.099836122893937,5.371100919694978,Nigeria,Cross River,Biase,UMON SOUTH,753.4124879000,454,517,222,66.299999999999997,53,68,120,80,none,none,grid,19170
10645,8.049636382876679,5.364074599076035,Nigeria,Cross River,Biase,UMON SOUTH,1061.2090530000,455,517,312,65.599999999999994,77,96,168,112,none,mini-grid,intercon,16650
10649,9.113514647874732,6.468300935254222,Nigeria,Cross River,Obudu,ALANKWE,528.3075372000,459,486,155,61.899999999999999,51,58,112,66,none,mini-grid,intercon,6170
10650,9.198076986980064,6.481984343754565,Nigeria,Cross River,Obanliku,BEEBO/BUMAJI,1947.8469200000,460,488,573,68.900000000000006,141,178,360,198,mini-grid,mini-grid,intercon,7260
10651,9.242104275032412,6.474683564687094,Nigeria,Cross River,Obanliku,BEEBO/BUMAJI,4575.6026700000,461,488,1346,63.200000000000003,474,488,952,556,mini-grid,mini-grid,intercon,13930
10658,8.844452767880355,6.543095270475336,Nigeria,Cross River,Ogoja,KAKWAGOM/BAWOP,1148.4946460000,468,593,338,59.299999999999997,133,168,264,166,none,mini-grid,intercon,7960
10660,8.832860256318391,6.578185112076331,Nigeria,Cross River,Ogoja,OKU/BORUM/NJUA,1745.7118620000,470,593,513,62.600000000000001,212,238,512,273,none,mini-grid,intercon,10410
10663,8.801903725852821,5.954736126226224,Nigeria,Cross River,Etung,ETOMI,643.1570019000,473,459,189,65.299999999999997,55,70,136,79,none,grid,grid,4050
10670,8.616620769054434,6.126433373907847,Nigeria,Cross River,Ikom,NDE,546.6834516000,480,576,161,70.500000000000000,51,68,144,70,none,none,grid,1480
10679,8.536118463128441,5.976541141912376,Nigeria,Cross River,Ikom,OFUTOP II,606.4051732000,489,568,178,68.400000000000006,55,74,136,80,none,none,grid,3040
10688,9.199759507324348,6.582115141938498,Nigeria,Cross River,Obanliku,BENDI I,2182.1398270000,498,491,642,65.200000000000003,260,310,664,308,mini-grid,intercon,intercon,7340
10689,9.248284996003704,6.63843340616276,Nigeria,Cross River,Obanliku,BISHIRI SOUTH,1685.9901400000,499,492,496,64.700000000000003,151,178,344,227,none,grid,grid,4920
10690,9.252466986682952,6.661002829241767,Nigeria,Cross River,Obanliku,BISHIRI SOUTH,2852.8607010000,500,492,839,66.900000000000006,255,314,616,337,mini-grid,intercon,intercon,7500
10691,9.199353100780126,6.601863984387905,Nigeria,Cross River,Obanliku,BISU,1033.6451810000,501,491,304,67.799999999999997,89,114,240,132,none,grid,grid,8050
10693,9.202694906001675,6.621253579653078,Nigeria,Cross River,Obanliku,BISU,3868.1299680000,503,491,1138,58.700000000000003,447,528,928,541,mini-grid,intercon,intercon,5710
10694,9.257766359254449,6.566044928668026,Nigeria,Cross River,Obanliku,BUSI,4212.6783620000,504,494,1239,70.200000000000003,294,350,784,425,mini-grid,intercon,intercon,7210
10695,9.379489208924372,6.548126199542444,Nigeria,Cross River,Obanliku,UTANGA,2627.7557500000,505,496,773,70.799999999999997,186,238,464,281,none,grid,grid,4750
10701,8.297703638385967,6.058264033470784,Nigeria,Cross River,Obubra,OBUBRA URBAN,886.6378669000,511,537,261,71.200000000000003,62,80,168,88,none,none,grid,6290
10706,8.451540200324031,6.118865719174841,Nigeria,Cross River,Obubra,OFUMBONGHA/YALA,886.6378669000,516,548,261,69.299999999999997,64,82,152,89,none,mini-grid,intercon,11480
10711,8.426672815154513,6.157085628148735,Nigeria,Cross River,Obubra,OSOPONG I,826.9161453000,521,548,243,67.000000000000000,58,70,128,81,none,none,grid,12950
10713,8.430840428408931,6.235214328997644,Nigeria,Cross River,Obubra,OSOPONG I,1777.8697120000,523,552,523,65.000000000000000,222,270,504,277,mini-grid,mini-grid,intercon,12470
10715,8.404885755083651,6.219304650776006,Nigeria,Cross River,Obubra,OSOPONG II,707.4727021000,525,552,208,73.900000000000006,64,82,192,86,none,none,grid,17190
10718,8.246983887605802,6.010168979297716,Nigeria,Cross River,Obubra,OVONUM,822.3221667000,528,531,242,70.000000000000000,76,96,200,99,none,none,grid,4660
10720,9.061081053557938,6.553837679304703,Nigeria,Cross River,Obudu,ALEGE/UBANG,1497.6370180000,530,482,440,65.799999999999997,133,172,304,185,none,grid,grid,6920
10721,9.040889694461042,6.525999185099352,Nigeria,Cross River,Obudu,ALEGE/UBANG,996.8933529000,531,482,293,64.700000000000003,93,102,216,119,none,grid,grid,15580
10722,9.036380997933689,6.538492843966504,Nigeria,Cross River,Obudu,ALEGE/UBANG,960.1415242000,532,482,282,70.299999999999997,91,114,232,113,none,grid,grid,14070
10723,9.051760541202603,6.565077078518223,Nigeria,Cross River,Obudu,ALEGE/UBANG,1552.7647610000,533,482,457,65.200000000000003,135,184,312,204,none,grid,grid,7590
10724,9.050233694561184,6.502110357156323,Nigeria,Cross River,Obudu,ALEGE/UBANG,3532.7695310000,534,482,1039,68.000000000000000,245,302,576,373,mini-grid,intercon,intercon,14060
10727,9.176382076558701,6.616373153181092,Nigeria,Cross River,Obanliku,OBUDU URBAN II,739.6305522000,537,490,218,67.099999999999994,56,66,120,80,none,none,grid,3760
10728,9.099733099829464,6.564696520203504,Nigeria,Cross River,Obudu,UKPE,656.9389376000,538,482,193,70.200000000000003,51,66,120,69,none,grid,grid,5440
10729,9.080455588039904,6.539900055675827,Nigeria,Cross River,Obudu,UKPE,1309.2838960000,539,482,385,62.899999999999999,150,192,376,197,none,grid,grid,9230
10749,8.208128891520612,5.080519396880292,Nigeria,Cross River,Odukpani,CREEK TOWN II,2030.5385340000,559,525,597,62.600000000000001,247,286,576,298,none,grid,grid,6630
10750,8.231285394574611,5.097168093440846,Nigeria,Cross River,Odukpani,CREEK TOWN II,3877.3179250000,560,525,1140,69.200000000000003,286,330,664,407,none,grid,grid,3780
10767,8.135886938817414,5.168925431277121,Nigeria,Cross River,Odukpani,ODOT,3110.1235020000,577,515,915,60.700000000000003,343,472,768,442,none,grid,grid,4460
10775,8.293136613097932,5.20742147034866,Nigeria,Cross River,Akamkpa,ONIMAN-KIONG,1378.1935750000,585,538,405,70.099999999999994,103,124,272,153,none,mini-grid,intercon,8460
10781,8.581815863199182,6.360951773835219,Nigeria,Cross River,Ogoja,EKAJUK I,656.9389376000,591,570,193,64.000000000000000,50,48,120,70,none,none,grid,11470
10786,8.750913749508443,6.507159699003861,Nigeria,Cross River,Ogoja,EKAJUK II,1038.2391600000,596,593,305,61.399999999999999,93,112,216,120,none,mini-grid,intercon,6020
10787,8.984914300686553,6.582844934492415,Nigeria,Cross River,Ogoja,MBUBE EAST I,748.8185093000,597,479,220,66.000000000000000,54,68,128,78,none,grid,grid,9080
10793,8.717192369227181,6.552190318050633,Nigeria,Cross River,Ogoja,NKUM IBORR,3881.9119040000,603,589,1142,73.599999999999994,278,334,760,406,none,grid,grid,14050
10794,8.694005764591141,6.542775415893613,Nigeria,Cross River,Ogoja,NKUM IBORR,1575.7346540000,604,589,463,63.200000000000003,175,220,448,233,none,grid,grid,5780
10795,8.68179641084879,6.537597687366286,Nigeria,Cross River,Ogoja,NKUM IBORR,1074.9909880000,605,589,316,65.099999999999994,127,170,296,163,none,grid,grid,4260
10797,8.768671942334471,6.56181441818181,Nigeria,Cross River,Ogoja,NKUM IBORR,955.5475457000,607,593,281,74.900000000000006,84,110,272,121,none,none,grid,10370
10798,8.738103820253968,6.572075004237249,Nigeria,Cross River,Ogoja,NKUM IBORR,1065.8030310000,608,589,313,67.099999999999994,96,114,232,131,none,grid,grid,10700
10799,8.758190849283706,6.529615948151768,Nigeria,Cross River,Ogoja,NKUM IBORR,2025.9445560000,609,593,596,65.700000000000003,226,288,640,325,none,mini-grid,intercon,8620
10804,8.753172551859901,6.611844787172579,Nigeria,Cross River,Ogoja,OGOJA URBAN II,799.3522738000,614,589,235,79.000000000000000,71,96,256,101,none,grid,grid,5660
10805,8.810378962091683,6.609711869420994,Nigeria,Cross River,Ogoja,OGOJA URBAN II,1626.2684190000,615,593,478,68.200000000000003,145,184,368,204,none,mini-grid,intercon,5630
10806,8.180064974088969,5.773821071445266,Nigeria,Cross River,Yakurr,MKPANI/AGOI,2765.5751080000,616,521,813,66.200000000000003,250,292,584,332,none,grid,grid,8230
10809,8.660928613393946,6.570991694969806,Nigeria,Cross River,Yala,OKUKU,2232.6735920000,619,585,657,64.299999999999997,260,332,632,316,mini-grid,mini-grid,intercon,6100
10810,8.688721083517841,6.585613068602559,Nigeria,Cross River,Ogoja,WANIHEM,1203.6223890000,620,588,354,78.200000000000003,113,140,408,155,none,none,grid,7740
10815,8.056515459322863,5.956572474424441,Nigeria,Cross River,Abi,ETAM,2526.6882210000,625,500,743,67.299999999999997,183,232,424,255,none,grid,grid,3640
10816,8.062905170407365,5.976926087416897,Nigeria,Cross River,Abi,ETAM,2384.2748850000,626,500,701,79.200000000000003,164,214,552,259,none,grid,grid,4400
10820,8.071940787033808,5.95055122101296,Nigeria,Cross River,Abi,NDIAGU AMAGU II,1056.6150740000,630,500,311,69.200000000000003,93,120,240,125,none,grid,grid,6280
10822,8.077494487014659,5.981345487302184,Nigeria,Cross River,Abi,NDIAGU AMAGU II,5618.4358090000,632,500,1652,72.900000000000006,401,504,1048,568,mini-grid,intercon,intercon,7760
10824,8.85884287127457,6.814927184052298,Nigeria,Cross River,Yala,MBAYEGH/MBAIKYER,1038.2391600000,634,466,305,64.900000000000006,96,114,208,128,none,grid,grid,10900
10825,8.454518625566825,6.604440814900363,Nigeria,Cross River,Yala,MGBALAKU INYIMAGU II,808.5402309000,635,555,238,65.099999999999994,77,92,168,106,none,mini-grid,intercon,7060
10826,8.418273859846623,6.716605876999551,Nigeria,Cross River,Yala,OWO,2131.6060630000,636,547,627,67.299999999999997,193,226,520,265,none,mini-grid,intercon,11320
10831,8.62736285252997,6.727792924569341,Nigeria,Cross River,Yala,OBORU/OYE,5871.1046310000,641,574,1727,67.900000000000006,410,496,888,597,mini-grid,mini-grid,intercon,15780
10832,8.450117112869396,6.467701797103495,Nigeria,Cross River,Yala,EKAJUK I,794.7582952000,642,562,234,72.400000000000006,60,76,144,82,none,none,grid,4640
10834,8.787732124970715,6.775807146854126,Nigeria,Cross River,Yala,WANIKADE,785.5703380000,644,457,231,64.000000000000000,78,82,160,102,none,grid,grid,7940
10836,8.486365679303928,6.717604553734954,Nigeria,Cross River,Yala,OWO,3303.0706020000,646,547,971,73.599999999999994,237,288,624,350,none,mini-grid,intercon,11120
10841,8.427052800324665,6.677799234630467,Nigeria,Cross River,Yala,OWO,2770.1690860000,651,547,815,69.000000000000000,250,332,608,331,none,mini-grid,intercon,6030
10843,8.485119940407875,6.368025545623619,Nigeria,Cross River,Yala,NNAM,588.0292588000,653,560,173,68.299999999999997,56,64,128,69,none,none,grid,5190
10846,8.879029155143467,6.766097550213409,Nigeria,Cross River,Yala,UGBORO,1038.2391600000,656,466,305,68.400000000000006,96,112,240,134,none,grid,grid,4080
10847,8.44778358948493,6.718051140953509,Nigeria,Cross River,Yala,OWO,1832.9974550000,657,547,539,74.900000000000006,168,204,544,224,none,mini-grid,intercon,11320
10849,8.658615947802392,6.54556632485828,Nigeria,Cross River,Ogoja,OKUKU,1024.4572240000,659,585,301,82.700000000000003,116,170,544,147,none,none,grid,4310
10851,8.825663924744585,6.85443878638858,Nigeria,Cross River,Yala,MBAWAR,1520.6069110000,661,457,447,72.900000000000006,108,132,272,167,none,grid,grid,11790
10852,8.501454593259144,6.686800722843898,Nigeria,Cross River,Yala,OWO,2076.4783200000,662,547,611,70.500000000000000,153,214,408,252,none,mini-grid,intercon,8480
10853,8.466371737985924,6.350715572808803,Nigeria,Cross River,Yala,NNAM,670.7208734000,663,560,197,72.099999999999994,58,78,184,83,none,none,grid,4140
10859,8.061969283080312,5.98975360799724,Nigeria,Cross River,Abi,ETAM,2296.9892920000,669,500,676,70.299999999999997,169,190,384,238,none,grid,grid,3830
10863,8.7888267206388,6.58021745446237,Nigeria,Cross River,Ogoja,OGOJA URBAN II,955.5475457000,673,593,281,69.599999999999994,91,106,224,116,none,none,grid,7450
10864,8.769890889772535,6.622839679449473,Nigeria,Cross River,Ogoja,OGOJA URBAN II,5898.6685030000,674,589,1735,69.799999999999997,421,480,1024,604,none,grid,grid,3510
10869,9.389501808895618,6.499051456090314,Nigeria,Cross River,Obanliku,UTANGA,1653.8322900000,679,498,486,68.500000000000000,124,148,256,180,none,grid,grid,6740
10870,9.398862718329285,6.516780857690934,Nigeria,Cross River,Obanliku,UTANGA,2113.2301490000,680,498,622,69.900000000000006,156,184,352,216,none,grid,grid,4790
10872,8.379797591876022,6.589585214470415,Nigeria,Cross River,Yala,MGBALAKU INYIMAGU II,822.3221667000,682,546,242,68.299999999999997,60,70,136,86,none,none,grid,7160
10873,9.443237184137445,6.53115749802079,Nigeria,Cross River,Obanliku,UTANGA,2324.5531640000,683,499,684,68.299999999999997,154,196,384,250,none,mini-grid,intercon,6570
10877,8.558742371334764,6.716399224556434,Nigeria,Cross River,Yala,OBORU/OYE,684.5028091000,687,547,201,66.000000000000000,63,76,144,80,none,none,grid,10420
10878,8.59322987123045,6.761770574587405,Nigeria,Cross River,Yala,OBORU/OYE,666.1268948000,688,574,196,69.299999999999997,60,72,160,83,none,none,grid,20870
10879,8.405421851798511,6.650444524511984,Nigeria,Cross River,Yala,NDIEZE INYIMAGU MGBABELUZOR,679.9088305000,689,547,200,72.099999999999994,59,78,184,84,none,none,grid,4770
10880,8.58789834124658,6.663678504520168,Nigeria,Cross River,Yala,WANIHEM,555.8714087000,690,547,163,76.400000000000006,52,62,176,68,none,none,grid,10130
10882,9.203009966282663,6.693583702504949,Nigeria,Cross River,Obanliku,BISHIRI NORTH,2738.0112360000,692,492,805,43.299999999999997,251,172,456,342,mini-grid,intercon,intercon,7800
10888,8.653280991048801,6.812907074622251,Nigeria,Cross River,Yala,OBORU/OYE,2489.9363930000,698,574,732,66.900000000000006,167,210,368,264,none,mini-grid,intercon,6290
10889,8.877590839703597,5.86583031728897,Nigeria,Cross River,Etung,AJASSOR,1874.3432620000,699,468,551,77.799999999999997,139,166,432,201,none,grid,grid,2210
10890,8.657985470278669,6.128897113646831,Nigeria,Cross River,Ikom,NDE,1502.2309970000,700,587,442,69.799999999999997,137,164,384,180,none,grid,grid,1160
10892,8.175973894704567,5.219466093737569,Nigeria,Cross River,Odukpani,ODOT,826.9161453000,702,523,243,70.200000000000003,57,70,136,85,none,none,grid,5410
10894,8.730252385955456,6.592070464790143,Nigeria,Cross River,Ogoja,NKUM IBORR,826.9161453000,704,589,243,72.700000000000003,76,88,232,100,none,grid,grid,9690
10896,8.499583601513713,6.604521304480009,Nigeria,Cross River,Yala,OKPOMA,964.7355028000,706,555,284,69.200000000000003,68,84,152,103,none,none,grid,13040
10901,8.820229769296851,6.799721722447245,Nigeria,Cross River,Yala,UGBORO,872.8559311000,711,457,257,66.000000000000000,67,80,144,91,none,grid,grid,9890
10902,8.695554600920946,6.521744964422537,Nigeria,Cross River,Ogoja,NKUM IBORR,574.2473231000,712,589,169,74.700000000000003,52,64,168,70,none,grid,grid,3990
10905,9.058516659155011,6.014782317158944,Nigeria,Cross River,Boki,ABO,583.4352803000,715,472,172,66.599999999999994,55,66,128,68,none,none,grid,26800
10906,8.786016662819378,6.249763726137155,Nigeria,Cross River,Boki,BOJE,1079.5849670000,716,460,318,73.700000000000003,107,120,288,135,none,mini-grid,intercon,13000
10908,8.024108532951955,5.694422393860439,Nigeria,Cross River,Biase,AGWAGUNE/OKURIKE,1189.8404530000,718,467,350,82.000000000000000,85,108,312,117,none,none,grid,3650
10909,8.72372488428684,5.918483063118378,Nigeria,Cross River,Etung,IKOM URBAN I,849.8860382000,719,591,250,73.099999999999994,59,78,160,91,none,none,grid,6610
10911,8.905775510285032,6.60857828448163,Nigeria,Cross River,Bekwara,AFRIKE OCHAGBE,932.5776527000,721,469,274,75.700000000000003,69,82,192,101,none,grid,grid,6960
10912,8.147601487830862,5.183181170159546,Nigeria,Cross River,Odukpani,ODOT,964.7355028000,722,516,284,60.500000000000000,88,98,200,116,none,none,grid,5140
10914,8.89792799980523,6.634883885114891,Nigeria,Cross River,Bekwara,UKPAH,1212.8103460000,724,469,357,72.599999999999994,89,100,232,123,none,grid,grid,4080
10915,8.469375373538076,6.441373233395173,Nigeria,Cross River,Yala,EKAJUK I,1042.8331380000,725,562,307,65.099999999999994,119,154,304,156,none,none,grid,2840
10916,8.851482868643846,6.748271589088246,Nigeria,Cross River,Yala,UGBORO,1244.9681960000,726,463,366,61.799999999999997,115,134,248,154,none,none,grid,3510
10917,8.473688365620959,6.719207172184189,Nigeria,Cross River,Yala,OWO,845.2920596000,727,547,249,74.900000000000006,76,98,240,108,none,none,grid,12040
10918,8.398913742929963,6.585917477307149,Nigeria,Cross River,Yala,MGBALAKU INYIMAGU II,826.9161453000,728,546,243,76.200000000000003,58,84,168,93,none,none,grid,4660
10920,8.422399969245109,6.247341752363029,Nigeria,Cross River,Obubra,OSOPONG I,2090.2602560000,730,552,615,68.900000000000006,238,298,744,300,none,mini-grid,intercon,10860
10921,8.577442482469182,6.761349263717259,Nigeria,Cross River,Yala,OBORU/OYE,1102.5548600000,731,574,324,70.000000000000000,78,94,184,109,none,none,grid,22550
10923,8.010422590388117,5.35493374233728,Nigeria,Cross River,Odukpani,ITO/IDERE/UKWA,932.5776527000,733,517,274,67.700000000000003,81,108,208,116,none,mini-grid,intercon,9250
10925,8.238952962302099,5.826896193949382,Nigeria,Cross River,Yakurr,MKPANI/AGOI,4699.6400920000,735,526,1382,70.400000000000006,331,398,816,484,none,grid,grid,4030
10926,8.583878876037529,6.019660238530653,Nigeria,Cross River,Ikom,OFUTOP I,1194.4344320000,736,565,351,74.900000000000006,86,104,232,124,none,none,grid,5830
10927,8.458279861638641,6.588024924468909,Nigeria,Cross River,Yala,MGBALAKU INYIMAGU II,578.8413017000,737,555,170,61.500000000000000,52,62,112,69,none,none,grid,6690
10930,8.270934162205423,5.258314703561162,Nigeria,Cross River,Akamkpa,MBARAKOM,909.6077598000,740,535,268,64.799999999999997,86,100,208,107,none,none,grid,8570
10931,8.604322673087177,6.39827549891379,Nigeria,Cross River,Ogoja,EKAJUK I,1557.3587400000,741,577,458,74.299999999999997,184,236,648,224,none,grid,grid,4760
10935,8.680277467741137,6.74120665053857,Nigeria,Cross River,Yala,WANAKOM,1235.7802390000,745,574,363,68.500000000000000,86,104,208,134,none,mini-grid,intercon,9680
10937,8.549921871361454,6.61232627448513,Nigeria,Cross River,Yala,OKUKU,1373.5995960000,747,563,404,54.100000000000001,163,160,352,200,none,grid,grid,4160
10938,7.970868583112985,5.821778563947915,Nigeria,Cross River,Abi,EBOM,1865.1553050000,748,539,549,68.299999999999997,126,154,296,197,none,grid,grid,4060
10939,9.282030529146844,6.295026674267262,Nigeria,Cross River,Boki,BECHEVE,2067.2903630000,749,493,608,70.500000000000000,144,180,344,212,none,mini-grid,intercon,17220
10946,8.733264090806895,6.104292664136767,Nigeria,Cross River,Ikom,AKPARABONG,790.1643166000,756,587,232,69.400000000000006,55,64,136,87,none,grid,grid,11220
10947,8.849416200455526,6.427460784357645,Nigeria,Cross River,Boki,OKU/BORUM/NJUA,964.7355028000,757,465,284,62.799999999999997,84,110,200,121,none,grid,grid,6930
10948,9.256515599224032,6.456505384377731,Nigeria,Cross River,Boki,BEEBO/BUMAJI,725.8486164000,758,488,213,71.700000000000003,54,62,136,74,none,none,grid,19900
10957,8.506707611492162,6.640776394504823,Nigeria,Cross River,Yala,OKUKU,3675.1828680000,767,563,1081,67.900000000000006,354,402,816,484,none,grid,grid,7130
10959,8.501532741507805,6.676883054529601,Nigeria,Cross River,Yala,OWO,1208.2163670000,769,547,355,74.500000000000000,86,114,224,128,none,none,grid,9340
10961,8.474577201589337,6.703395654547911,Nigeria,Cross River,Yala,OWO,964.7355028000,771,547,284,61.500000000000000,83,100,176,115,none,none,grid,11050
10963,8.537400631399327,6.610027024483609,Nigeria,Cross River,Yala,OKPOMA,633.9690447000,773,563,186,66.500000000000000,55,68,136,79,none,grid,grid,5860
10964,8.605206201194227,6.692664804539969,Nigeria,Cross River,Yala,WANIHEM,643.1570019000,774,574,189,66.799999999999997,60,70,136,75,none,none,grid,13630
10965,8.354757041951752,6.650278374512171,Nigeria,Cross River,Yala,EZZA INYIMAGU - IZIOGO,780.9763594000,775,547,230,73.700000000000003,73,86,224,95,none,none,grid,11650
10966,8.349742891966921,6.580735444464532,Nigeria,Cross River,Yala,NDIEZE INYIMAGU MGBABELUZOR,661.5329162000,776,546,195,66.900000000000006,63,72,152,79,none,none,grid,11230
10967,8.403517301804277,6.629047214497325,Nigeria,Cross River,Yala,MGBALAKU INYIMAGU II,753.4124879000,777,547,222,69.000000000000000,55,64,120,76,none,none,grid,5870
10970,8.351558951961415,6.681254654533432,Nigeria,Cross River,Yala,EZZA INYIMAGU - IZIOGO,1084.1789460000,780,547,319,65.000000000000000,96,116,216,131,none,none,grid,15970
10973,8.563464821320492,6.584335734465889,Nigeria,Cross River,Yala,OKPOMA,574.2473231000,783,571,169,46.600000000000001,50,36,88,72,none,none,grid,5330
10974,8.612153961173208,6.732235834567076,Nigeria,Cross River,Yala,OBORU/OYE,1378.1935750000,784,574,405,69.799999999999997,102,106,256,140,none,none,grid,17720
10976,8.075991872364934,5.991108123778353,Nigeria,Cross River,Abi,NDIAGU AMAGU II,6890.9678770000,786,500,2027,72.500000000000000,513,590,1272,692,mini-grid,intercon,intercon,9170
10977,8.068728449777399,5.965527896158106,Nigeria,Cross River,Abi,NDIAGU AMAGU II,2526.6882210000,787,500,743,71.799999999999997,187,200,488,259,none,grid,grid,5430
10979,8.330029552026614,5.923115844014577,Nigeria,Cross River,Obubra,ABABENE,546.6834516000,789,543,161,68.000000000000000,53,60,120,68,none,none,grid,7070
10981,8.700597520905692,6.533468354430554,Nigeria,Cross River,Ogoja,NKUM IBORR,817.7281881000,791,589,241,68.500000000000000,73,88,200,97,none,grid,grid,7880
10982,8.786551490645683,6.613507564485183,Nigeria,Cross River,Ogoja,OGOJA URBAN II,2425.6206920000,792,593,713,70.599999999999994,183,252,472,246,none,none,grid,3450
10983,9.361702338905854,6.418655464352123,Nigeria,Cross River,Obanliku,BECHEVE,670.7208734000,793,495,197,68.700000000000003,64,74,152,81,none,none,grid,8520
